1,freegame
2,freegame
3,freegame
4,freegame
5,freegame
6,freegame
7,freegame
8,winCap
9,freegame
10,freegame
11,freegame
12,winCap
13,freegame
14,freegame
15,freegame
16,freegame
17,freegame
18,freegame
19,freegame
20,freegame
21,freegame
22,freegame
23,freegame
24,freegame
25,freegame
26,freegame
27,freegame
28,freegame
29,freegame
30,freegame
31,freegame
32,freegame
33,freegame
34,freegame
35,freegame
36,freegame
37,freegame
38,freegame
39,freegame
40,freegame
41,freegame
42,freegame
43,freegame
44,freegame
45,freegame
46,freegame
47,freegame
48,freegame
49,freegame
50,freegame
